timestamp_hour,traffic_density,noise_level,pedestrian_count,emergency_vehicle_siren,category
6,43.38033979334759,58.27393893855416,203.89357908016976,0.0,Normal
19,45.487172856937285,55.535390616984,121.71367448368925,0.0,Normal
14,50.17730157429635,56.786558926068345,170.90809307488877,0.0,Normal
10,46.00875862259223,54.14691049613683,150.78167193121686,0.0,Normal
7,29.820984140090737,59.516277750140574,156.2826410201595,0.0,Normal
20,55.24432609341971,54.67833690516403,149.96123735410242,0.0,Normal
6,40.078930577829354,53.13819927038379,140.37895295132185,0.0,Normal
18,61.89054113293001,58.546069650276216,161.59930707308646,0.0,Normal
22,50.49478810212777,49.37936031054216,139.0353198435676,0.0,Normal
10,45.56777932511797,57.00413337406938,179.15756868091972,0.0,Normal
10,105.12532118990406,114.64082116224165,1035.5442597355006,0.0,Unusual
23,107.68208062752663,108.92195425476785,1221.0342718319253,0.0,Unusual
20,96.41864432267546,117.21560142151537,1128.8194573477203,0.0,Unusual
3,100.08783161683694,110.61366431031948,1105.0670903825667,0.0,Unusual
7,102.23706186410277,109.13985156876853,1017.3955292832486,0.0,Unusual
23,104.44986710013028,115.33145256891959,1272.7014877731265,0.0,Unusual
2,95.91297491004768,105.11011598320842,1058.8060164948768,0.0,Unusual
21,97.80048195106636,105.1532806529845,934.8371067183086,0.0,Unusual
20,100.53628615582612,109.38137618203716,1146.8266064471204,0.0,Unusual
1,114.43065381802101,105.73442725001642,945.5353573906406,0.0,Unusual
23,101.62694014206102,107.16051508261383,1038.0892571206768,0.0,Unusual
11,49.65051307228579,57.342013843434316,154.9394730512852,0.0,Normal
5,39.9623931418791,57.853598360821785,211.62194089644208,0.0,Normal
1,52.014037199618606,55.18806885249498,142.4964928901877,0.0,Normal
20,49.413896083720594,59.89268380236583,133.73967413225017,0.0,Normal
0,39.31897633658013,52.266272839479505,163.24232832263607,0.0,Normal
11,30.698627104545743,52.9605696900001,86.8570341599378,0.0,Normal
21,35.23543916574516,45.06155368365674,151.59891967277332,0.0,Normal
11,39.64637817455029,58.67931004059066,140.70717741767749,0.0,Normal
16,54.2954985419742,56.25544785388054,125.19216834909764,0.0,Normal
9,57.42287820671461,48.272718699467084,162.6939417577875,0.0,Normal
15,41.48385699620578,47.96560400002341,151.34971046114484,0.0,Normal
14,41.736677177829634,51.509477490515955,104.93977731264457,0.0,Normal
14,47.09298444777973,58.17463176792141,133.83676197018906,0.0,Normal
18,45.0971720725858,53.798558047645486,77.79321987018189,0.0,Normal
11,52.44747267179263,51.7808523333587,157.33173285333757,0.0,Normal
22,40.81449525130312,50.975536427666015,157.08248546100393,0.0,Normal
19,52.59314390224799,50.79635216868725,130.16795265415817,0.0,Normal
2,43.08620161704196,47.26528679556976,163.50281779207816,0.0,Normal
4,51.83179768854285,50.1704166734145,117.93753447196194,0.0,Normal
18,42.83167630169166,50.71768768129133,125.83707435162518,0.0,Normal
6,40.095242536732975,57.73049294582859,160.4297616095641,0.0,Normal
20,60.29854111871977,54.33710778741354,132.78333112592642,0.0,Normal
8,53.52181666037534,51.697660627930155,148.4335760949389,0.0,Normal
6,30.663639198918283,64.23889102162475,135.90877431434143,0.0,Normal
17,41.42581190568074,52.34441234581334,139.7267210925204,0.0,Normal
3,54.63938337422859,59.66841165753454,140.81939460112517,0.0,Normal
13,35.426716246291825,61.484434231150864,132.33108106954555,0.0,Normal
17,51.16542663618489,48.72015864937063,157.5612428590031,0.0,Normal
8,50.33644882775833,55.29585185629427,134.30178783115127,0.0,Normal
20,39.40682737526466,52.929865396367106,150.39216784489005,0.0,Normal
1,44.92946363003354,52.60430241376266,131.78170796563992,0.0,Normal
19,28.279858010957764,57.22150726722763,111.64253434038854,0.0,Normal
14,59.16345213253375,52.508518014306865,172.81088123147916,0.0,Normal
6,42.52725992642463,53.01612381469412,162.4881746273852,0.0,Normal
11,51.43050441101007,54.327540417498824,207.2170517199418,0.0,Normal
7,49.9107307318034,53.50640292649372,123.90067900004354,0.0,Normal
14,55.86304630479991,50.3057191719515,144.77598781669923,0.0,Normal
2,41.53357274477952,58.1836260193899,146.78731297860486,0.0,Normal
13,46.63058182021974,59.1941237540304,174.73423595705327,0.0,Normal
16,49.47287362091622,56.37447435814087,137.3223026466848,0.0,Normal
3,51.98033273144384,53.49378939591094,120.72395364560364,0.0,Normal
17,54.23483470727139,52.17915705468088,180.19523271152505,0.0,Normal
7,41.180946155397436,52.18551974829421,142.0837492684693,0.0,Normal
3,39.68618045356462,64.42950546013083,171.96608774315106,0.0,Normal
1,55.88089092998537,58.75135320626658,169.0549600198053,0.0,Normal
5,28.703392520222888,51.63955968566665,149.2527381524425,0.0,Normal
21,57.56025824434138,55.658791309748565,145.6421573741313,0.0,Normal
9,42.58140606338954,53.54985989960255,140.2108798417549,0.0,Normal
3,44.96349736807763,57.33520150462516,149.62017178075027,0.0,Normal
21,39.54125919103877,57.17399641115737,171.57750565426576,0.0,Normal
17,44.614436115713495,59.334438615621885,130.08899547351052,0.0,Normal
11,55.169105807847316,51.59777416535122,152.72114075522802,0.0,Normal
1,51.166904811712314,55.418941194552524,122.03421429502981,0.0,Normal
9,48.94149187040324,48.005812060169895,125.14734417394519,0.0,Normal
3,45.71098404905395,49.970638798284625,149.2265250711094,0.0,Normal
13,33.43512022022334,58.53640334623672,100.9960497926542,0.0,Normal
15,38.246904691858084,51.19726483437869,201.5139654154013,0.0,Normal
14,42.25439010695066,51.63636480780858,120.1735011272441,0.0,Normal
7,48.66141163543071,54.966887701799806,148.99778718358615,0.0,Normal
13,45.55722131615103,57.77904412338616,179.20544304542162,0.0,Normal
22,52.86803445086772,50.756692816663616,128.42736653123754,0.0,Normal
7,48.789019101820514,41.07676468495966,92.43257526138208,0.0,Normal
20,45.43480462350857,51.51910703142595,138.8763559968832,0.0,Normal
15,63.20609038053763,59.82251231181135,128.12949049809703,0.0,Normal
12,48.249813480399425,56.3725402040675,93.09066228519994,0.0,Normal
17,41.544462387133024,60.29549921514885,157.12224731430499,0.0,Normal
14,59.87973605189544,50.47273543146922,155.1773465558238,0.0,Normal
20,54.603292387307185,48.44241492934378,178.5581613634588,0.0,Normal
23,59.52870232195052,56.85019421059016,121.97944086199033,0.0,Normal
12,44.11254451496392,55.96009095074019,110.02158783882467,0.0,Normal
8,52.81047301184882,56.22221728150903,139.8319229238354,0.0,Normal
14,33.37720432742111,58.731986570602274,147.79143352477263,0.0,Normal
12,51.272051287313346,56.68673969564904,173.0337400746624,0.0,Normal
0,43.73820833396717,56.622470372561516,185.26420012512898,0.0,Normal
6,34.159536355856545,57.860028055204566,180.36197834768367,0.0,Normal
8,53.260803232143815,57.00966652874811,156.91359167231667,0.0,Normal
23,30.51894940003187,58.42978372686962,169.9874813376037,0.0,Normal
0,29.698347863486248,59.03408329911433,133.98766413077038,0.0,Normal
11,47.89981167044242,61.12675520496366,154.20987981188117,0.0,Normal
7,49.570780082614306,52.40323470038528,120.21774651780484,0.0,Normal
23,52.76419056010569,56.92224842964299,151.56713492217182,0.0,Normal
10,50.93570413223572,53.51870652561082,152.2161674349503,0.0,Normal
18,56.81326900343703,51.665764050882935,193.05321514212426,0.0,Normal
16,50.601943626899356,52.24183871567853,144.27542846274383,0.0,Normal
7,43.941604448460296,56.9798220702461,152.25107094133216,0.0,Normal
2,44.41111107366475,56.673010219144004,155.92403539280107,0.0,Normal
2,42.742230488102315,56.60164811695375,138.62949210278867,0.0,Normal
0,47.363820195385465,54.097145409722664,129.9376816697088,0.0,Normal
4,36.22123305146673,55.013659004713645,182.4702831211763,0.0,Normal
9,47.727377588471626,58.2710107835042,125.47706392599255,0.0,Normal
6,44.30869194534709,49.04242776140278,116.80204820781817,0.0,Normal
8,47.20508126309926,55.09856839371434,167.006634482387,0.0,Normal
6,47.22978427976529,55.35982459250716,178.94537105060024,0.0,Normal
8,25.381883189474134,58.013217076310596,138.71475855998403,0.0,Normal
7,37.78964945068266,49.5990063522287,139.098662808753,0.0,Normal
11,44.13097068728916,60.98053498206965,157.06358815266984,0.0,Normal
1,44.55612033361861,55.85452169771404,132.30368308142042,0.0,Normal
0,47.07511447199755,56.06632218677974,130.4571869847008,0.0,Normal
15,47.41878632265314,53.3944809706711,171.98981469965915,0.0,Normal
22,57.12986658347117,57.15208941918738,165.17827751959047,0.0,Normal
22,47.49966784878358,55.191816201132426,182.77897215795264,0.0,Normal
23,42.49581033426848,59.83592777642586,118.6852746908626,0.0,Normal
4,32.20701221970014,49.23402300774554,137.4384378272346,0.0,Normal
2,34.05127907566514,55.70218331956203,157.0294890567363,0.0,Normal
11,49.28393447980164,56.634049393509706,126.85947875564084,0.0,Normal
7,53.48357451288374,54.25451042254763,166.04218592886625,0.0,Normal
21,57.33096797534546,53.38133670677181,180.61567718065828,0.0,Normal
2,38.37685536867429,53.54817088412517,135.41605069431628,0.0,Normal
0,42.569084516552586,55.698557077471314,150.96479850567582,0.0,Normal
2,46.9386694886649,47.76016439607717,186.39046725202792,0.0,Normal
4,61.379191369041905,58.860059844252916,194.981789375475,0.0,Normal
14,45.918891745711164,53.079472529216595,168.64503127651008,0.0,Normal
13,57.41010283786377,55.51121078946713,164.83572932984023,0.0,Normal
2,46.35978322325847,56.468409067152265,128.6565866328772,0.0,Normal
0,54.22596149142765,52.89677845074817,158.980235011446,0.0,Normal
4,53.212638772416625,54.475846372004014,163.92052101937495,0.0,Normal
22,46.32870506006521,46.859039037497986,144.74074603597387,0.0,Normal
13,36.83693402190276,57.92849442933229,135.13059363610844,0.0,Normal
6,42.84724449656839,59.32027600128866,117.96755816307862,0.0,Normal
8,56.912361391075834,48.19602579224499,106.55675612371769,0.0,Normal
14,52.02260134784091,53.37402849321495,101.30291216697093,0.0,Normal
14,41.530797385825224,50.080522487036745,164.48606432168154,0.0,Normal
9,42.2615308910048,54.28903871405038,153.69248313066942,0.0,Normal
12,31.15301516987546,57.59454533888385,137.90472171147258,0.0,Normal
18,56.55471033585449,58.9492355970265,141.71359255688404,0.0,Normal
6,52.08850848196923,59.487412757707396,155.2617635382621,0.0,Normal
16,43.90337743166518,60.24217529876885,145.88592322478516,0.0,Normal
19,46.60107535338738,54.11034888617774,116.48617049990429,0.0,Normal
3,27.63307337495672,50.41216548506624,172.82500550685748,0.0,Normal
4,41.10628403165801,54.541638798768126,157.60315426674524,0.0,Normal
22,55.675565126913085,57.533070009214306,156.64746199534622,0.0,Normal
6,52.85237901384065,50.09096087631657,170.93906758395931,0.0,Normal
12,47.64560445651146,61.64054781379297,129.65886609850813,0.0,Normal
14,44.882253930920506,58.591554155041365,180.34328594314604,0.0,Normal
10,51.37124343757061,54.173731326274684,146.49892870144404,0.0,Normal
3,42.74891914759131,52.15651227835504,172.21497200827187,0.0,Normal
12,31.68245443043994,52.32351567554943,168.36122583719137,0.0,Normal
6,44.95040688260902,55.29682485520062,124.0299542999361,0.0,Normal
18,48.22495461668462,54.08238958907859,162.5725101228534,0.0,Normal
21,53.98142147838417,58.8020110211305,158.15686677116713,0.0,Normal
1,33.47043391603201,53.62809668678948,150.75779143735855,0.0,Normal
9,44.016709547588356,57.022007242445966,147.64070624911548,0.0,Normal
12,44.39757076195902,54.88430046330052,147.8526687570552,0.0,Normal
20,36.1899847612231,56.07867742958828,170.3172356410999,0.0,Normal
5,48.90138619938635,54.07977425761447,164.44776284478775,0.0,Normal
11,50.978944252894415,57.83086216499848,150.76197125664163,0.0,Normal
11,42.674461535751654,57.89016032116031,112.70159633821564,0.0,Normal
19,61.44074086897178,56.83971610328858,162.36108535209047,0.0,Normal
10,42.44511993973073,57.430057308598016,168.09034047944448,0.0,Normal
22,41.426532234474664,51.22252488982779,207.51025213617424,0.0,Normal
6,41.19462921625118,56.292983051635915,176.88582657762595,0.0,Normal
0,38.47600741369209,59.99680706995014,102.5205903021133,0.0,Normal
0,40.52779605412915,56.96561826807799,151.96073497546607,0.0,Normal
19,33.527289046139806,50.87712998879391,195.28437571662454,0.0,Normal
12,43.46773740869366,54.80093396140366,165.58872142254094,0.0,Normal
8,45.45979202419437,56.49991175335884,158.21630400933023,0.0,Normal
2,26.737580079673616,51.970401932406766,172.5057164728809,0.0,Normal
6,44.18440390016115,49.56691521310659,134.44054512522993,0.0,Normal
5,45.33707265393544,53.73560852625389,161.9522499156864,0.0,Normal
7,49.116711925524314,52.036670368129194,143.73829902520222,0.0,Normal
8,54.6370805806066,54.94284387444012,149.50941285473814,0.0,Normal
4,51.81083411680408,48.634381410014846,170.71136289237768,0.0,Normal
0,40.03709021971559,57.25880425014462,126.83217243769546,0.0,Normal
18,39.10870262193883,52.461579858826575,182.19956184504846,0.0,Normal
9,49.63603521239883,58.98300894672543,139.4297009728614,0.0,Normal
11,40.62176130929983,53.89240464081449,156.5165708287602,0.0,Normal
23,35.17556784701101,54.89844381446205,114.98730099312642,0.0,Normal
14,63.99313394720477,54.30786048521233,167.99593227178477,0.0,Normal
21,42.51420588306245,52.24736123959891,186.16259839866444,0.0,Normal
23,39.98780653849165,64.88911784909064,137.13396126954632,0.0,Normal
8,27.46295955006417,53.01653528797086,122.24441533726001,0.0,Normal
19,51.81121673903063,59.09408608986264,156.9495766185677,0.0,Normal
16,37.09651323362767,50.62548421574642,186.37026612479357,0.0,Normal
16,45.22896447654261,56.488525564372644,113.75358586297736,0.0,Normal
19,52.74898525043537,56.915488655727344,122.34229546929146,0.0,Normal
11,37.221851618207424,54.90329209160748,138.6452610422121,0.0,Normal
6,45.63585961454031,52.71598112144171,129.4914043867326,0.0,Normal
1,57.190299281550466,53.946712389544146,129.57036333477512,0.0,Normal
2,25.346023545092166,53.38684199210752,97.64698430840556,0.0,Normal
16,38.51595322416625,64.60810512734183,164.7264236851467,0.0,Normal
4,37.76366492970343,54.90958764222072,158.46801257174087,0.0,Normal
16,43.504759019516726,57.0995551146558,107.52877000490886,0.0,Normal
23,44.617672981011694,62.12650036170147,186.42989399890615,0.0,Normal
16,36.50989893642728,51.49472532810327,192.0273078732622,0.0,Normal
16,39.76501323109588,55.15064093267175,131.22736125549716,0.0,Normal
1,38.81420023637742,53.923255473274445,179.16371477442516,0.0,Normal
1,42.193686038617045,54.655446218066544,135.67505487522635,0.0,Normal
21,46.74578186024877,54.28395213153006,154.52791275527653,0.0,Normal
22,52.28451297896864,52.072491657479134,129.10594662447727,0.0,Normal
4,53.44264797237132,55.78164113998653,205.3562880865569,0.0,Normal
0,50.22907409068259,50.74946889033559,142.59956931675256,0.0,Normal
0,38.008207044119224,58.95553094923607,153.16122557058657,0.0,Normal
18,44.97363263738117,57.493239226618414,132.80156531340432,0.0,Normal
1,63.994635227939106,53.02614873454394,196.53288993090987,0.0,Normal
20,53.11626154149838,53.22006671450456,197.16536615223526,0.0,Normal
11,41.4759635290118,56.102042249393016,190.77322953157352,0.0,Normal
5,57.65630546371024,51.80581873757527,173.91100870869056,0.0,Normal
22,41.89544648162069,62.247920496539486,134.38026132664868,0.0,Normal
3,39.652784253573856,56.43170291476707,170.69625239906046,0.0,Normal
22,56.165855487428516,56.57305260553471,149.8239300268816,0.0,Normal
10,34.52280567990481,57.72578032142914,182.8102155435658,0.0,Normal
23,29.689779357853148,52.68214690371972,177.89755133413405,0.0,Normal
16,52.530276624483804,59.35603992713909,133.7683605481019,0.0,Normal
5,45.2215274529297,55.45813346486186,173.6956450709304,0.0,Normal
23,46.01892382829725,58.80058188399533,167.05086125109815,0.0,Normal
4,42.108617284584184,54.208187493726676,80.6609284271638,0.0,Normal
19,43.09205306092753,60.26911290692475,170.02341599073657,0.0,Normal
1,41.33512077734899,56.60537450809916,139.20510528399484,0.0,Normal
5,39.9920565579648,63.73002809670835,127.84893864170816,0.0,Normal
21,41.94471822104991,53.52191353271108,128.91848489265644,0.0,Normal
10,41.6923900894584,55.818197584362984,146.6189276091992,0.0,Normal
15,38.37132983185012,50.87369501251937,162.0014895021671,0.0,Normal
15,40.63864640534525,52.88280704981512,115.8634494451955,0.0,Normal
0,24.977923826702277,57.474746191391624,154.7461959053116,0.0,Normal
8,50.47713761244135,59.517297750158,164.4189516548268,0.0,Normal
5,48.122026151865136,66.86004140688289,196.54514459174078,0.0,Normal
15,44.32072934003334,54.61348437350712,123.08274576937174,0.0,Normal
2,46.898595078077946,51.26714636941761,141.2596953305549,0.0,Normal
19,47.18861922510902,58.01330304150896,156.54157431741197,0.0,Normal
3,39.20798562716561,50.488691117994776,178.68523325479015,0.0,Normal
18,40.739357582236764,57.25710955210695,142.39440297070465,0.0,Normal
2,49.22653287704301,52.9909771352235,179.96603429977628,0.0,Normal
18,46.66002788127309,55.84637988152157,101.5659420880885,0.0,Normal
19,61.34656391745844,59.36418440865867,118.66629517195285,0.0,Normal
6,57.95689724349849,54.557066283677216,158.7161086083555,0.0,Normal
19,52.4640971231068,58.73151633731449,114.72938754780313,0.0,Normal
8,38.906120674177444,58.492634194476594,120.63823683083208,0.0,Normal
0,40.483543973843396,47.54267388676362,136.8055783938515,0.0,Normal
7,36.98362621097013,51.39359701585771,169.2859747978956,0.0,Normal
6,2.537059693589044,145.49463051039038,102.60087896731777,0.0,Unusual
17,4.371112623425879,147.89152151195293,154.25745905405986,0.0,Unusual
7,2.467732901700593,148.43656357077663,175.82409867882015,0.0,Unusual
0,3.5112938301583214,148.22042150531092,145.12636978927603,0.0,Unusual
10,4.964084194995352,158.1522200511311,140.7792442601865,0.0,Unusual
17,0.6574455994899081,154.28065288933712,160.04428206396435,0.0,Unusual
22,35.88686617128094,58.20199296706389,145.197223681964,0.0,Normal
9,47.14194132562609,55.71709841770674,184.76249453101866,0.0,Normal
2,67.2702193879124,57.131439571253836,122.21467469663912,0.0,Normal
6,32.11195512035823,49.98476706482697,148.70889612087288,0.0,Normal
15,43.811588759943604,60.50721397151572,155.1421593740171,0.0,Normal
15,41.74031889891788,58.10806438302916,140.5386487038385,0.0,Normal
19,40.18425056882892,56.606502021965895,78.21793342606347,0.0,Normal
16,51.08200875708288,52.25755887567277,145.97737729877016,0.0,Normal
1,53.85063283862754,56.29520051042378,172.50442467281167,0.0,Normal
0,51.17310519441069,53.834040084026036,169.45272965315044,0.0,Normal
15,39.21328734039013,48.39803515984895,158.869462054255,0.0,Normal
11,64.47078462721933,54.79830859311405,122.55344104126941,0.0,Normal
4,30.838054493264863,54.373078407109894,159.88273656146208,0.0,Normal
4,36.73896744772564,59.24960603950048,135.66405446144404,0.0,Normal
22,46.35783427512299,46.06229423074319,158.83707264871666,0.0,Normal
8,45.7151513531652,55.9407993154188,153.03762528504288,0.0,Normal
8,48.904352635029994,50.37772780757713,125.5906182179157,0.0,Normal
2,57.64107276060162,56.27689336878218,127.68860401607742,0.0,Normal
18,44.041192645075206,56.49712022230922,158.87556136053792,0.0,Normal
15,45.909835681703846,54.65262089147923,144.47217261778746,0.0,Normal
15,40.243871578206004,58.229172499244335,128.99296423357177,0.0,Normal
2,49.70662814768514,50.016935763601204,126.92924525682918,0.0,Normal
19,42.45217191479728,59.4308818011268,142.4042288003446,0.0,Normal
23,42.447543831469254,52.16768453522344,189.20261986795526,0.0,Normal
21,49.34786522371022,48.77640539804042,136.84804919470102,0.0,Normal
23,53.27936741664479,53.91041611800076,149.6495115435603,0.0,Normal
0,27.335147586608983,46.61936990928006,152.54110719223775,0.0,Normal
23,47.88622739738743,56.01669556898481,121.72434021270143,0.0,Normal
19,42.838373450579695,53.9629982296791,105.92918790393261,0.0,Normal
10,52.58093550129127,59.93474768550414,124.33398163160672,0.0,Normal
16,42.99901919140391,57.595696842027984,156.17693444515757,0.0,Normal
7,55.408419465298394,49.43201465124796,152.18327644788522,0.0,Normal
3,39.58869583612769,51.64645003552846,167.56016422877664,0.0,Normal
5,27.15736073899289,57.08265768213683,152.4187473739779,0.0,Normal
7,53.41274432537333,58.388316039940136,147.26126771326992,0.0,Normal
19,38.251640302036236,59.890003659547524,134.89969312687182,0.0,Normal
2,32.357984506051785,59.858037141221395,172.11516974656732,0.0,Normal
15,45.128427349151444,54.641909559008376,127.02049653198208,0.0,Normal
2,43.08657067175865,56.45062248900467,122.24001206759948,0.0,Normal
17,51.58483980596006,60.19495401577519,164.17638793470257,0.0,Normal
13,52.13928655852169,53.786766152256206,116.67106723365862,0.0,Normal
17,45.76496356711514,56.518904747760494,210.3697749664658,0.0,Normal
1,37.92147246465612,53.692476881281394,151.99983451397858,0.0,Normal
21,47.29553008979438,52.79620754213829,158.69765290812214,0.0,Normal
2,46.32155504096462,55.193540473143216,129.78950438691533,0.0,Normal
15,49.551493395757134,52.249826194641635,142.11837889396134,0.0,Normal
8,38.001546290042384,54.476336108921004,139.33107207794114,0.0,Normal
3,41.79701701465957,50.86018054187147,136.45412530828395,0.0,Normal
0,49.07502493068885,54.240022451270484,165.82404378774567,0.0,Normal
3,54.978616441853795,56.79356117446345,138.76059904436798,0.0,Normal
0,52.72737606367672,52.644945855172814,175.43753072710453,0.0,Normal
13,45.65643896922238,55.03716701012365,216.57955875299558,0.0,Normal
20,41.100839808630816,55.55737037448506,142.61146899633627,0.0,Normal
15,48.23056446943444,56.81013956728534,153.8078878394156,0.0,Normal
19,36.26887650165224,54.46568063477914,159.4870514291377,0.0,Normal
23,38.46398848591285,59.343465367471225,195.2876203148379,0.0,Normal
7,57.078170499676986,46.59632455419233,147.93380537404528,0.0,Normal
6,48.216275840375374,66.75101138867109,129.27457700854094,0.0,Normal
2,42.21978612981636,51.515464943849935,118.34148735935739,0.0,Normal
16,51.63310947668215,56.61356009341631,148.55040131419415,0.0,Normal
0,55.29579971079675,51.24612835917661,138.79049452365294,0.0,Normal
15,41.44289953403488,57.57707263803721,200.25023223250003,0.0,Normal
11,41.5807364604042,56.10627661037971,194.24656051692415,0.0,Normal
18,40.57883381322395,52.397145850619644,124.14067930191005,0.0,Normal
21,52.71080254972289,59.29234938164125,132.23099741127055,0.0,Normal
22,52.78845958016099,54.344156481592314,151.84425269717215,0.0,Normal
21,56.087226570328795,57.188863752228016,184.93066056396907,0.0,Normal
13,53.068823598790686,51.331360779215856,151.4253284092763,0.0,Normal
5,31.94225536457185,54.87644945771368,133.81898405029884,0.0,Normal
5,47.2477145673456,63.01362906872842,148.5279547524319,0.0,Normal
12,36.53291677722358,58.851862116456516,134.28787840259884,0.0,Normal
18,40.89668500022868,56.230483021804204,165.06193023598706,0.0,Normal
21,46.36475362864691,53.20431668956082,132.27415720838238,0.0,Normal
7,51.68452318679923,55.269994143500035,137.23909868932583,0.0,Normal
1,37.87325326039138,55.79026396068953,179.0483453364024,0.0,Normal
20,26.40224270838079,56.796913739678985,130.7908763171482,0.0,Normal
0,46.44424673444345,50.69335796728934,113.84679918599595,0.0,Normal
14,66.1485726671884,57.67363184376946,152.3748437839076,0.0,Normal
0,43.37723024263878,50.64162760682139,140.9881648948851,0.0,Normal
4,45.375323479602066,61.52450340912749,162.78538752324883,0.0,Normal
15,59.25730894828863,51.913486710332485,157.93679836827727,0.0,Normal
18,49.72219695249431,56.1865132787047,149.20203763391595,0.0,Normal
3,46.734888295863506,59.02057029311207,148.47391436325012,0.0,Normal
2,48.536933322507785,53.9904798261422,131.60353876692912,0.0,Normal
16,47.00195146058919,56.36240007639943,152.08367677483108,0.0,Normal
16,35.88196457474635,60.74072619676021,172.03211953581922,0.0,Normal
11,34.26843873760242,57.25761195157307,125.66383146501309,0.0,Normal
13,60.09462489699389,56.42220251869741,149.86506559096165,0.0,Normal
20,46.47106681524126,48.26085842071815,175.95971889336528,0.0,Normal
5,45.80076354063759,51.26511098903911,162.63560233041747,0.0,Normal
2,44.27817868755032,59.187680510600046,182.7368224087678,0.0,Normal
8,51.24858614093162,57.27980122136553,135.79644175414163,0.0,Normal
4,65.30952881389989,57.885865095140296,104.23078879012834,0.0,Normal
23,49.19162133686235,57.54158772885959,155.0162950988922,0.0,Normal
16,40.29530538948358,60.1590261135015,159.06427037566212,0.0,Normal
13,43.932793136867645,53.95440030017951,184.21054886181687,0.0,Normal
20,53.56797173764204,55.481999835157204,179.7036433676746,0.0,Normal
2,40.33759518869602,50.885302667483664,163.41859057531153,0.0,Normal
0,51.81797191224214,49.887909666254494,169.13475535426085,0.0,Normal
19,26.434101008174956,48.42503713764777,145.20446354483403,0.0,Normal
20,43.16096342842891,51.45934600400061,119.52213471701958,0.0,Normal
22,50.02512010784535,61.21024726195857,152.94303043452277,0.0,Normal
0,55.161004372605724,48.78909172873585,174.56433659069444,0.0,Normal
2,38.45220626366087,53.785856057691205,166.40902174571372,0.0,Normal
17,32.97787985895517,49.82741870541537,170.84518347898413,0.0,Normal
9,42.91411868086545,52.59610414798656,139.3061078238312,0.0,Normal
21,35.99664793802489,55.67877516940808,143.3613290495394,0.0,Normal
2,43.80770666616376,52.199536507179964,162.0856372028651,0.0,Normal
7,44.9467723629501,59.358659460065844,136.33731513728114,0.0,Normal
13,34.44683963838444,61.135912483398265,137.10707325167493,0.0,Normal
23,51.43551288088692,46.00361708777624,157.4495559094363,0.0,Normal
17,43.74228885308439,52.26803067859551,169.0226185789227,0.0,Normal
14,53.6436789520428,55.23656848908969,145.0117831667648,0.0,Normal
21,30.24075807763125,59.50446810406152,120.92026347365902,0.0,Normal
22,36.862462635636874,53.18302289938695,131.60490212392926,0.0,Normal
1,49.13335446918498,54.92025841901676,155.09180212232746,0.0,Normal
9,38.60711543339788,50.373023099792206,154.7880240966491,0.0,Normal
1,43.68371473560243,48.868816590950615,156.0309534413837,0.0,Normal
16,45.0055929404574,60.781538758331735,163.0323822648939,0.0,Normal
7,46.26604784762694,47.703720504428254,150.14526396356126,0.0,Normal
0,39.579470298130346,64.31447603368626,156.6264011210078,0.0,Normal
8,46.19429250777982,57.90060559752697,148.87432942927833,0.0,Normal
10,38.73965035812416,57.719892302067024,178.71833707323597,0.0,Normal
21,50.3942437499742,57.30187466997772,185.80855078043754,0.0,Normal
15,44.08124784413581,53.98925724799614,120.27471794049913,0.0,Normal
6,46.240292988764146,56.568338118803474,143.61870144744367,0.0,Normal
9,65.55941471752267,54.2444132488621,150.81811228851768,0.0,Normal
22,36.14316436319983,57.212293105761916,143.32713219964197,0.0,Normal
2,56.108658152322306,54.86525389236514,194.82306478327183,0.0,Normal
17,23.725189143605018,51.19860726759306,155.59888195224337,0.0,Normal
23,28.372986760648455,51.51770953495298,129.8657043237414,0.0,Normal
12,35.07487937849943,51.062910498829986,164.91105848901677,0.0,Normal
6,35.57977307780051,58.883602927737236,156.77436347115483,0.0,Normal
3,46.6296143851108,52.53021355016361,157.60482298883554,0.0,Normal
12,47.31873811334774,47.351587355660556,195.19690396997976,0.0,Normal
19,42.96142985302108,56.587354663395224,158.76962939387022,0.0,Normal
0,43.8009762659003,61.05807025035833,142.4084619031501,0.0,Normal
7,49.22211808745329,58.09233275671011,101.11808934224747,0.0,Normal
13,51.66579102096593,52.58670573911315,145.8650245464122,0.0,Normal
15,34.387687871121926,48.65275313761964,182.6492479331797,0.0,Normal
13,42.10487223013597,54.46292758656996,147.72077201109533,0.0,Normal
11,44.44328141669592,54.36310448761316,93.99875253701242,0.0,Normal
18,48.88252797248363,51.12320155874494,137.54094019518882,0.0,Normal
22,38.818662861812236,57.20414920897015,174.81721347281982,0.0,Normal
14,6.079052140907038,62.38650600332189,163.6454293640504,1.0,Unusual
1,3.093727178627821,55.88913086983314,129.0029775872316,1.0,Unusual
1,8.237903842212948,55.64190482799538,135.86788059002296,1.0,Unusual
22,9.550605114849889,51.25108780466471,139.7322835224396,1.0,Unusual
21,8.211982825502265,60.58965881224149,133.43215570342676,1.0,Unusual
18,0.01565105191472904,54.699423332759935,99.25815330651045,1.0,Unusual
21,49.003820155365055,52.684146979223314,169.0897775154964,0.0,Normal
21,36.573930234840034,55.25475357460646,181.42649891722732,0.0,Normal
16,42.1945477769697,56.88784533298644,112.03877640088149,0.0,Normal
19,43.166271587571266,55.55686163457961,181.09632331465787,0.0,Normal
9,51.51091126498884,59.82461358268237,147.4244199650696,0.0,Normal
5,37.47668980345678,56.53588621018745,180.62830870419685,0.0,Normal
14,46.87721604124069,53.86423275646986,150.94876090726115,0.0,Normal
21,47.022044060303095,56.60476886530756,153.38861480396574,0.0,Normal
10,58.17117794143979,56.99854840450383,159.31086617455531,0.0,Normal
4,36.94328508554991,49.814496322944635,130.24834187161804,0.0,Normal
0,39.74213345506005,59.59767891305486,179.86685360820053,0.0,Normal
7,37.501154542213435,53.79638392255456,121.96548404813038,0.0,Normal
20,31.6417666234528,53.89870710597828,139.94833138708324,0.0,Normal
11,59.11749547410175,58.00550394830378,163.1066169410792,0.0,Normal
11,35.06799015240702,57.98866089703832,137.2701189878634,0.0,Normal
4,38.46955672756123,52.196673284535656,169.4382810203736,0.0,Normal
6,55.526132066257276,58.211606472582744,184.3966543295989,0.0,Normal
3,30.97514362449428,52.758207394041904,175.31365002634593,0.0,Normal
5,51.05081255429905,62.27829218679462,101.59711715803446,0.0,Normal
12,33.69580523726578,51.68722407493694,153.14617424048393,0.0,Normal
19,54.9735578922367,55.95790984682358,175.7170652674098,0.0,Normal
14,27.640978503673132,51.87192945236957,117.08127882944858,0.0,Normal
2,30.972244669994698,63.8907825165403,168.09026468072187,0.0,Normal
22,40.64062212032873,50.04871622365154,166.6865195409828,0.0,Normal
7,52.77458152138188,57.09745098901164,119.69775270154337,0.0,Normal
19,44.75233399490741,52.060358342088804,170.85581664350403,0.0,Normal
15,42.31427941690743,53.58356943420805,156.81744483824838,0.0,Normal
12,55.76835365971774,56.81415133498071,166.25954471803172,0.0,Normal
17,62.241916307464585,59.898337750504574,125.84219035587168,0.0,Normal
9,50.37805827531018,61.493586249196184,153.7534029092846,0.0,Normal
18,40.01716397518973,48.852208159894715,107.3780361466919,0.0,Normal
16,41.65485572792583,56.07100489745785,93.07521981167372,0.0,Normal
23,34.6924209619414,60.837974413534084,153.52071066319374,0.0,Normal
18,45.80653937803242,48.25875624495224,177.51494016903274,0.0,Normal
22,31.963256112189384,56.25753397621939,156.323420356627,0.0,Normal
4,49.41490924247601,54.991664810319264,148.41384840139636,0.0,Normal
20,61.04459236511963,56.65816725751915,145.31164699862816,0.0,Normal
22,50.7407326383444,51.9107838986941,126.43586521392336,0.0,Normal
8,41.246818238440525,49.25752468714624,144.45347740511735,0.0,Normal
11,49.21549930105432,47.3475742992839,160.5421117066111,0.0,Normal
20,57.96426756132702,58.90553581384841,139.1194441799843,0.0,Normal
0,57.56395708208911,59.41619654593342,168.7646713458944,0.0,Normal
0,36.96993686749303,56.210741395983945,154.89937584661507,0.0,Normal
14,49.082371116658585,52.86340660124761,157.92448544433518,0.0,Normal
1,43.73518807943841,48.50781642613702,172.216568838774,0.0,Normal
21,51.45274598330949,57.2533818500201,136.83111418362523,0.0,Normal
15,48.06891163053417,50.59688286865326,166.48451465467377,0.0,Normal
7,26.04222872412442,52.15480550095785,140.33808206870066,0.0,Normal
12,42.21589530962529,52.65374368174913,158.487862095471,0.0,Normal
20,46.588466903170335,54.209859097212124,133.85571623408578,0.0,Normal
0,33.52508026272923,51.96383821116541,127.2324044233817,0.0,Normal
15,49.64817607892788,55.13383508396921,152.29661864121235,0.0,Normal
6,32.80787806618376,52.51272679797444,102.86999869947206,0.0,Normal
4,38.61248762066357,57.80549225935689,142.59331391227795,0.0,Normal
21,55.73049535760108,59.124251655952214,109.8405748597705,0.0,Normal
22,37.92977768908585,55.434170704113754,169.4808508578402,0.0,Normal
2,49.59173567361341,56.85050534152441,176.25276490272284,0.0,Normal
11,30.971410256730504,63.47142379850356,128.40121946447985,0.0,Normal
15,61.650517254121134,50.30958697255473,160.7078240618374,0.0,Normal
18,42.56357089210194,50.066127594879575,172.4783928421873,0.0,Normal
4,45.762566455581755,57.7799916031075,172.5617305625446,0.0,Normal
21,46.43229437239172,62.786171350059064,155.36127084929103,0.0,Normal
13,49.86053491465087,53.95800575224511,168.35761688903742,0.0,Normal
4,32.84656013611058,61.90733536887504,133.76671720199016,0.0,Normal
14,44.95730823330669,55.38573487517396,152.078061641417,0.0,Normal
16,39.72984939374915,52.27645087184367,138.3224148302306,0.0,Normal
13,31.48354219137384,51.03723044544919,131.6553006553659,0.0,Normal
19,52.89697760102968,57.51765433954715,150.9015847867407,0.0,Normal
4,42.182616131203275,51.340163728869214,158.68825940395186,0.0,Normal
11,46.940163404900154,55.325107371068114,179.08771919887468,0.0,Normal
15,46.43876334982447,61.333860101536374,156.6288881824722,0.0,Normal
15,42.32118182099109,53.77287842851452,166.04826337403878,0.0,Normal
20,60.80021882904625,60.2560378985756,166.33207933123845,0.0,Normal
6,44.62188277896792,50.141826041094376,217.18835914242402,0.0,Normal
3,32.53638145858666,52.8643635947328,104.74918991818552,0.0,Normal
0,41.796949118533455,49.37142389514033,132.80165332907055,0.0,Normal
4,48.997900960896885,55.291987023893434,186.851401312202,0.0,Normal
22,49.260760874964404,58.12031271886633,141.19967312866316,0.0,Normal
9,36.297752517905906,55.30074835042475,172.145078440043,0.0,Normal
21,52.43586005875816,59.90820023988061,155.7502380940709,0.0,Normal
4,30.897064569031677,52.00328303748348,202.63006003020027,0.0,Normal
3,54.153081620931346,55.90137101475627,122.1736393234072,0.0,Normal
1,34.44521688690075,52.89012270554458,180.54501381297032,0.0,Normal
19,43.19003824793059,56.44670634169462,193.73953263181247,0.0,Normal
9,53.5165494242136,57.0149441848497,124.63952807080001,0.0,Normal
18,45.956845351096554,57.32958383993625,169.57175608953366,0.0,Normal
0,51.53358814170856,50.717622647057595,125.86255035427361,0.0,Normal
23,49.94929567767946,51.441015592853724,150.75403931337812,0.0,Normal
4,55.29014890723681,52.18284916723525,143.58530174544566,0.0,Normal
12,53.4976788073097,54.04447700853361,89.93115162750783,0.0,Normal
3,41.37004553170846,55.348745616825724,160.60585649279747,0.0,Normal
15,50.063533070347724,57.83235648742671,153.58347919015577,0.0,Normal
23,32.78758510641803,51.60760520264307,186.976974335144,0.0,Normal
15,44.53676074129772,48.59592280919299,165.27859136623857,0.0,Normal
